{"index": [738488, 369608, 1996514, 582214, 1878009, 915609, 351053, 1147758, 203250, 1938698], "columns": ["loan_amnt", "int_rate", "installment", "annual_inc", "dti", "delinq_2yrs", "inq_last_6mths", "open_acc", "pub_rec", "revol_bal", "revol_util", "total_acc", "emp_length_numeric", "term", "grade", "sub_grade", "home_ownership", "verification_status", "purpose", "addr_state"], "data": [[9925.0, 0.1075, 323.76, 27608.0, 21.27, 0.0, 0.0, 10.0, 1.0, 2404.0, 0.2, 23.0, 8.0, " 36 months", "B", "B4", "OWN", "Source Verified", "debt_consolidation", "FL"], [21000.0, 0.1229, 700.42, 128743.72, 11.67, 0.0, 1.0, 8.0, 0.0, 47367.0, 0.993, 24.0, 4.0, " 36 months", "C", "C1", "RENT", "Verified", "credit_card", "NY"], [5000.0, 0.053200000000000004, 150.58, 117000.0, 10.07, 0.0, 0.0, 18.0, 0.0, 10518.0, 0.387, 20.0, 0.0, " 36 months", "A", "A1", "RENT", "Source Verified", "debt_consolidation", "MD"], [6000.0, 0.12619999999999998, 201.07, 33000.0, 29.09, 0.0, 0.0, 14.0, 1.0, 7798.0, 0.35600000000000004, 18.0, 10.0, " 36 months", "C", "C1", "RENT", "Source Verified", "debt_consolidation", "CA"], [12000.0, 0.0762, 373.94, 120000.0, 3.12, 1.0, 0.0, 13.0, 0.0, 8138.0, 0.46799999999999997, 21.0, 10.0, " 36 months", "A", "A3", "MORTGAGE", "Verified", "credit_card", "NY"], [10000.0, 0.0944, 320.05, 65000.0, 15.31, 0.0, 1.0, 10.0, 0.0, 9481.0, 0.245, 28.0, 10.0, " 36 months", "B", "B1", "OWN", "Not Verified", "debt_consolidation", "FL"], [24025.0, 0.23989999999999997, 691.02, 57300.0, 27.44, 2.0, 1.0, 30.0, 0.0, 32644.0, 0.564, 55.0, 10.0, " 60 months", "F", "F2", "MORTGAGE", "Source Verified", "debt_consolidation", "AR"], [6000.0, 0.1199, 199.26, 69000.0, 19.06, 0.0, 0.0, 12.0, 0.0, 26355.0, 0.674, 24.0, 5.0, " 36 months", "B", "B5", "MORTGAGE", "Not Verified", "debt_consolidation", "WI"], [2500.0, 0.1333, 84.64, 48000.0, 8.98, 0.0, 1.0, 11.0, 0.0, 2012.0, 0.091, 17.0, 7.0, " 36 months", "C", "C3", "RENT", "Not Verified", "major_purchase", "OH"], [30000.0, 0.1864, 772.29, 63600.0, 14.07, 0.0, 3.0, 8.0, 0.0, 10668.0, 0.496, 21.0, 10.0, " 60 months", "E", "E1", "RENT", "Verified", "debt_consolidation", "VA"]]}